darwin@hotmail.com,Maryfer@gmail.com
Maryfer@gmail.com,darwin@hotmail.com
darwin@hotmail.com,dx@hotmail.com
dx@hotmail.com,darwin@hotmail.com
Hernan@hotmail.com,dx@hotmail.com
dx@hotmail.com,Hernan@hotmail.com
darwin@hotmail.com,jchavez@gmail.com
jchavez@gmail.com,darwin@hotmail.com
darwin@hotmail.com,kakin@hotmail.com
kakin@hotmail.com,darwin@hotmail.com
darwin@hotmail.com,Brannoza@hotmail.com
Brannoza@hotmail.com,darwin@hotmail.com
darwin@hotmail.com,ebenites@hotmail.com
ebenites@hotmail.com,darwin@hotmail.com
darwin@hotmail.com,fmendoza@hotmail.com
fmendoza@hotmail.com,darwin@hotmail.com
darwin@hotmail.com,Barry@hotmail.com
Barry@hotmail.com,darwin@hotmail.com
darwin@hotmail.com,Laura@hotmail.com
Laura@hotmail.com,darwin@hotmail.com
darwin@hotmail.com,Pedrito@hotmail.com
Pedrito@hotmail.com,darwin@hotmail.com
darwin@hotmail.com,Clau@hotmail.com
Clau@hotmail.com,darwin@hotmail.com
darwin@hotmail.com,ClauMen@hotmail.com
ClauMen@hotmail.com,darwin@hotmail.com
darwin@hotmail.com,Marit@hotmail.com
Marit@hotmail.com,darwin@hotmail.com
darwin@hotmail.com,SEzpinoza@hotmail.com
SEzpinoza@hotmail.com,darwin@hotmail.com
darwin@hotmail.com,Vherrera@hotmail.com
Vherrera@hotmail.com,darwin@hotmail.com
darwin@hotmail.com,Carmen@hotmail.com
Carmen@hotmail.com,darwin@hotmail.com
darwin@hotmail.com,Alezhito@hotmail.com
Alezhito@hotmail.com,darwin@hotmail.com
darwin@hotmail.com,LoDelCesar@hotmail.com
LoDelCesar@hotmail.com,darwin@hotmail.com
darwin@hotmail.com,Dianita@hotmail.com
Dianita@hotmail.com,darwin@hotmail.com
dx@hotmail.com,Marit@hotmail.com
Marit@hotmail.com,dx@hotmail.com
dx@hotmail.com,Martita@hotmail.com
Martita@hotmail.com,dx@hotmail.com
dx@hotmail.com,Danielita@hotmail.com
Danielita@hotmail.com,dx@hotmail.com
dx@hotmail.com,Javicho@hotmail.com
Javicho@hotmail.com,dx@hotmail.com
dx@hotmail.com,Dianita@hotmail.com
Dianita@hotmail.com,dx@hotmail.com
dx@hotmail.com,Alezhito@hotmail.com
Alezhito@hotmail.com,dx@hotmail.com
dx@hotmail.com,Vherrera@hotmail.com
Vherrera@hotmail.com,dx@hotmail.com
dx@hotmail.com,Mapazita@hotmail.com
Mapazita@hotmail.com,dx@hotmail.com
dx@hotmail.com,Laura@hotmail.com
Laura@hotmail.com,dx@hotmail.com
eruizp@hotmail.com,dx@hotmail.com
dx@hotmail.com,eruizp@hotmail.com
eruizp@hotmail.com,ebenites@hotmail.com
ebenites@hotmail.com,eruizp@hotmail.com
eruizp@hotmail.com,kakin@hotmail.com
kakin@hotmail.com,eruizp@hotmail.com
eruizp@hotmail.com,jchavez@gmail.com
jchavez@gmail.com,eruizp@hotmail.com
eruizp@hotmail.com,Maryfer@gmail.com
Maryfer@gmail.com,eruizp@hotmail.com
eruizp@hotmail.com,Barry@hotmail.com
Barry@hotmail.com,eruizp@hotmail.com
eruizp@hotmail.com,Mapazita@hotmail.com
Mapazita@hotmail.com,eruizp@hotmail.com
eruizp@hotmail.com,Vherrera@hotmail.com
Vherrera@hotmail.com,eruizp@hotmail.com
eruizp@hotmail.com,Dianita@hotmail.com
Dianita@hotmail.com,eruizp@hotmail.com
eruizp@hotmail.com,Martita@hotmail.com
Martita@hotmail.com,eruizp@hotmail.com
eruizp@hotmail.com,Pedrito@hotmail.com
Pedrito@hotmail.com,eruizp@hotmail.com
eruizp@hotmail.com,Javicho@hotmail.com
Javicho@hotmail.com,eruizp@hotmail.com
ebenites@hotmail.com,kakin@hotmail.com
kakin@hotmail.com,ebenites@hotmail.com
ebenites@hotmail.com,Maryfer@gmail.com
Maryfer@gmail.com,ebenites@hotmail.com
ebenites@hotmail.com,Brannoza@hotmail.com
Brannoza@hotmail.com,ebenites@hotmail.com
ebenites@hotmail.com,Barry@hotmail.com
Barry@hotmail.com,ebenites@hotmail.com
ebenites@hotmail.com,Tayler@hotmail.com
Tayler@hotmail.com,ebenites@hotmail.com
ebenites@hotmail.com,Dianita@hotmail.com
Dianita@hotmail.com,ebenites@hotmail.com
ebenites@hotmail.com,Alezhito@hotmail.com
Alezhito@hotmail.com,ebenites@hotmail.com
ebenites@hotmail.com,Danielita@hotmail.com
Danielita@hotmail.com,ebenites@hotmail.com
ebenites@hotmail.com,Martita@hotmail.com
Martita@hotmail.com,ebenites@hotmail.com
kakin@hotmail.com,fmendoza@hotmail.com
fmendoza@hotmail.com,kakin@hotmail.com
kakin@hotmail.com,Barry@hotmail.com
Barry@hotmail.com,kakin@hotmail.com
kakin@hotmail.com,Laura@hotmail.com
Laura@hotmail.com,kakin@hotmail.com
kakin@hotmail.com,Mika@hotmail.com
Mika@hotmail.com,kakin@hotmail.com
kakin@hotmail.com,LoDelCesar@hotmail.com
LoDelCesar@hotmail.com,kakin@hotmail.com
kakin@hotmail.com,Tayler@hotmail.com
Tayler@hotmail.com,kakin@hotmail.com
kakin@hotmail.com,Javicho@hotmail.com
Javicho@hotmail.com,kakin@hotmail.com
kakin@hotmail.com,Martita@hotmail.com
Martita@hotmail.com,kakin@hotmail.com
Maryfer@gmail.com,Laura@hotmail.com
Laura@hotmail.com,Maryfer@gmail.com
Maryfer@gmail.com,Tayler@hotmail.com
Tayler@hotmail.com,Maryfer@gmail.com
SEzpinoza@hotmail.com,ebenites@hotmail.com
ebenites@hotmail.com,SEzpinoza@hotmail.com
SEzpinoza@hotmail.com,Laura@hotmail.com
Laura@hotmail.com,SEzpinoza@hotmail.com
SEzpinoza@hotmail.com,Mika@hotmail.com
Mika@hotmail.com,SEzpinoza@hotmail.com
SEzpinoza@hotmail.com,Vherrera@hotmail.com
Vherrera@hotmail.com,SEzpinoza@hotmail.com
SEzpinoza@hotmail.com,Javicho@hotmail.com
Javicho@hotmail.com,SEzpinoza@hotmail.com
SEzpinoza@hotmail.com,Martita@hotmail.com
Martita@hotmail.com,SEzpinoza@hotmail.com
SEzpinoza@hotmail.com,Clau@hotmail.com
Clau@hotmail.com,SEzpinoza@hotmail.com
SEzpinoza@hotmail.com,Marit@hotmail.com
Marit@hotmail.com,SEzpinoza@hotmail.com
SEzpinoza@hotmail.com,jchavez@gmail.com
jchavez@gmail.com,SEzpinoza@hotmail.com
Brannoza@hotmail.com,fmendoza@hotmail.com
fmendoza@hotmail.com,Brannoza@hotmail.com
Brannoza@hotmail.com,ClauMen@hotmail.com
ClauMen@hotmail.com,Brannoza@hotmail.com
Brannoza@hotmail.com,Vherrera@hotmail.com
Vherrera@hotmail.com,Brannoza@hotmail.com
Barry@hotmail.com,Lili@hotmail.com
Lili@hotmail.com,Barry@hotmail.com
Barry@hotmail.com,Javicho@hotmail.com
Javicho@hotmail.com,Barry@hotmail.com
Barry@hotmail.com,Marit@hotmail.com
Marit@hotmail.com,Barry@hotmail.com
Barry@hotmail.com,ebenites@hotmail.com
ebenites@hotmail.com,Barry@hotmail.com
Mapazita@hotmail.com,dx@hotmail.com
dx@hotmail.com,Mapazita@hotmail.com
Mapazita@hotmail.com,darwin@hotmail.com
darwin@hotmail.com,Mapazita@hotmail.com
Mapazita@hotmail.com,kakin@hotmail.com
kakin@hotmail.com,Mapazita@hotmail.com
Mapazita@hotmail.com,jchavez@gmail.com
jchavez@gmail.com,Mapazita@hotmail.com
Mapazita@hotmail.com,fmendoza@hotmail.com
fmendoza@hotmail.com,Mapazita@hotmail.com
Mapazita@hotmail.com,Brannoza@hotmail.com
Brannoza@hotmail.com,Mapazita@hotmail.com
Mapazita@hotmail.com,Laura@hotmail.com
Laura@hotmail.com,Mapazita@hotmail.com
Mapazita@hotmail.com,ClauMen@hotmail.com
ClauMen@hotmail.com,Mapazita@hotmail.com
Mapazita@hotmail.com,Clau@hotmail.com
Clau@hotmail.com,Mapazita@hotmail.com
Mapazita@hotmail.com,Lili@hotmail.com
Lili@hotmail.com,Mapazita@hotmail.com
Mapazita@hotmail.com,Pedrito@hotmail.com
Pedrito@hotmail.com,Mapazita@hotmail.com
Mapazita@hotmail.com,Dianita@hotmail.com
Dianita@hotmail.com,Mapazita@hotmail.com
Mapazita@hotmail.com,Danielita@hotmail.com
Danielita@hotmail.com,Mapazita@hotmail.com
Mapazita@hotmail.com,Marit@hotmail.com
Marit@hotmail.com,Mapazita@hotmail.com
LoDelCesar@hotmail.com,SEzpinoza@hotmail.com
SEzpinoza@hotmail.com,LoDelCesar@hotmail.com
LoDelCesar@hotmail.com,Carmen@hotmail.com
Carmen@hotmail.com,LoDelCesar@hotmail.com
LoDelCesar@hotmail.com,Marit@hotmail.com
Marit@hotmail.com,LoDelCesar@hotmail.com
LoDelCesar@hotmail.com,Mapazita@hotmail.com
Mapazita@hotmail.com,LoDelCesar@hotmail.com
Carmen@hotmail.com,Maryfer@gmail.com
Maryfer@gmail.com,Carmen@hotmail.com
Carmen@hotmail.com,Lili@hotmail.com
Lili@hotmail.com,Carmen@hotmail.com
Carmen@hotmail.com,Mika@hotmail.com
Mika@hotmail.com,Carmen@hotmail.com
Carmen@hotmail.com,Dianita@hotmail.com
Dianita@hotmail.com,Carmen@hotmail.com
Carmen@hotmail.com,Javicho@hotmail.com
Javicho@hotmail.com,Carmen@hotmail.com
Carmen@hotmail.com,Alezhito@hotmail.com
Alezhito@hotmail.com,Carmen@hotmail.com
Clau@hotmail.com,ClauMen@hotmail.com
ClauMen@hotmail.com,Clau@hotmail.com
Clau@hotmail.com,Alezhito@hotmail.com
Alezhito@hotmail.com,Clau@hotmail.com
Clau@hotmail.com,Carmen@hotmail.com
Carmen@hotmail.com,Clau@hotmail.com
Clau@hotmail.com,Pedrito@hotmail.com
Pedrito@hotmail.com,Clau@hotmail.com
Martita@hotmail.com,Mika@hotmail.com
Mika@hotmail.com,Martita@hotmail.com
Martita@hotmail.com,jchavez@gmail.com
jchavez@gmail.com,Martita@hotmail.com
Martita@hotmail.com,MorganSmit@hotmail.com
MorganSmit@hotmail.com,Martita@hotmail.com
Hernan@hotmail.com,darwin@hotmail.com
darwin@hotmail.com,Hernan@hotmail.com
Hernan@hotmail.com,kakin@hotmail.com
kakin@hotmail.com,Hernan@hotmail.com
Hernan@hotmail.com,Mapazita@hotmail.com
Mapazita@hotmail.com,Hernan@hotmail.com
Hernan@hotmail.com,LoDelCesar@hotmail.com
LoDelCesar@hotmail.com,Hernan@hotmail.com
Hernan@hotmail.com,Lili@hotmail.com
Lili@hotmail.com,Hernan@hotmail.com
Hernan@hotmail.com,Vherrera@hotmail.com
Vherrera@hotmail.com,Hernan@hotmail.com
Hernan@hotmail.com,Alezhito@hotmail.com
Alezhito@hotmail.com,Hernan@hotmail.com
Hernan@hotmail.com,Dianita@hotmail.com
Dianita@hotmail.com,Hernan@hotmail.com
Hernan@hotmail.com,Martita@hotmail.com
Martita@hotmail.com,Hernan@hotmail.com
Hernan@hotmail.com,Danielita@hotmail.com
Danielita@hotmail.com,Hernan@hotmail.com
Hernan@hotmail.com,Marit@hotmail.com
Marit@hotmail.com,Hernan@hotmail.com
darwin@hotmail.com,eruizp@hotmail.com
eruizp@hotmail.com,darwin@hotmail.com
